{
  "action_sensitivity_mse": {
    "reverse": {
      "mean": 0.0011260766308017385,
      "std": 1.035058968499236e-06,
      "values": [
        0.001125206719734706,
        0.0011275311262579635,
        0.0011254920464125462
      ]
    },
    "scale_0_25": {
      "mean": 0.0013054408967339743,
      "std": 3.3351188259157133e-07,
      "values": [
        0.001305156125454232,
        0.0013059088960289955,
        0.0013052576687186956
      ]
    },
    "scale_0_5": {
      "mean": 0.0012089390559898068,
      "std": 7.378862441853857e-07,
      "values": [
        0.0012088268849765882,
        0.0012080966553185135,
        0.0012098936276743189
      ]
    },
    "scale_0_75": {
      "mean": 0.0010823200330681477,
      "std": 2.3123839617238386e-06,
      "values": [
        0.0010793057444971055,
        0.001084925461327657,
        0.0010827288933796808
      ]
    },
    "scale_1_5": {
      "mean": 0.0008616477425675839,
      "std": 2.2260991757357403e-06,
      "values": [
        0.0008637341525172815,
        0.0008626462149550207,
        0.0008585628602304496
      ]
    },
    "scale_2": {
      "mean": 0.0006381667723568777,
      "std": 1.9137279965699895e-06,
      "values": [
        0.0006407573746400885,
        0.0006375497905537486,
        0.000636193151876796
      ]
    },
    "zero": {
      "mean": 0.001371461563394405,
      "std": 2.885530992004506e-07,
      "values": [
        0.0013710563944187015,
        0.0013716220419155434,
        0.00137170625384897
      ]
    }
  },
  "checkpoint": "/root/autodl-tmp/acwm-reacher-checkpoint/VideoDiT_S_reacher_240x240/latest.pt",
  "environment": "reacher",
  "metrics": {
    "original": {
      "masked_mse": {
        "mean": 0.00816663277025024,
        "std": 0.0004662307913208542,
        "values": [
          0.008084887696895748,
          0.008774113666731864,
          0.00764089694712311
        ]
      },
      "mse": {
        "mean": 0.000378723054988465,
        "std": 1.7253497946609085e-05,
        "values": [
          0.000374126266251551,
          0.00040177420669351704,
          0.00036026869202032685
        ]
      },
      "psnr": {
        "mean": 34.303403508043225,
        "std": 0.1961796754033018,
        "values": [
          34.37982399403438,
          34.03421787771672,
          34.496168652378586
        ]
      },
      "ssim": {
        "mean": 0.9909752433498701,
        "std": 0.00017236628438698406,
        "values": [
          0.991045817732811,
          0.9907378926873207,
          0.9911420196294785
        ]
      }
    },
    "reverse": {
      "masked_mse": {
        "mean": 0.016702978871762753,
        "std": 6.979781973833419e-06,
        "values": [
          0.016701201908290386,
          0.016712276148609817,
          0.016695458558388054
        ]
      },
      "mse": {
        "mean": 0.001192003032580639,
        "std": 8.898176309611046e-07,
        "values": [
          0.0011909666936844587,
          0.0011931393964914605,
          0.0011919030075659975
        ]
      },
      "psnr": {
        "mean": 29.27931144157553,
        "std": 0.003411568183651022,
        "values": [
          29.283178803794804,
          29.274879595478097,
          29.279875925453688
        ]
      },
      "ssim": {
        "mean": 0.9825803438822428,
        "std": 8.22574316588263e-06,
        "values": [
          0.982575960457325,
          0.9825732037425041,
          0.9825918674468994
        ]
      }
    },
    "scale_0_25": {
      "masked_mse": {
        "mean": 0.03135827478642265,
        "std": 9.672440380204825e-06,
        "values": [
          0.03136721672490239,
          0.031344839138910174,
          0.031362768495455384
        ]
      },
      "mse": {
        "mean": 0.0013895286635185282,
        "std": 2.827043936027648e-07,
        "values": [
          0.001389141718391329,
          0.0013896350283175707,
          0.0013898092438466847
        ]
      },
      "psnr": {
        "mean": 28.57196303959444,
        "std": 0.001007133661140932,
        "values": [
          28.57331837059134,
          28.57166456498951,
          28.570906183202464
        ]
      },
      "ssim": {
        "mean": 0.9794957935810089,
        "std": 1.4705037861435167e-06,
        "values": [
          0.9794963151216507,
          0.9794972762465477,
          0.9794937893748283
        ]
      }
    },
    "scale_0_5": {
      "masked_mse": {
        "mean": 0.027766161520654958,
        "std": 5.038920251050986e-05,
        "values": [
          0.027737855445593596,
          0.027723678154870868,
          0.027836950961500406
        ]
      },
      "mse": {
        "mean": 0.0012953475525137037,
        "std": 5.85102610200864e-07,
        "values": [
          0.001295448382734321,
          0.0012945858761668205,
          0.0012960083986399695
        ]
      },
      "psnr": {
        "mean": 28.88266533074214,
        "std": 0.0022870437286097597,
        "values": [
          28.88262988652003,
          28.88548392973467,
          28.879882175971712
        ]
      },
      "ssim": {
        "mean": 0.9809035137295723,
        "std": 2.2982193160762254e-06,
        "values": [
          0.980900764465332,
          0.9809063896536827,
          0.9809033870697021
        ]
      }
    },
    "scale_0_75": {
      "masked_mse": {
        "mean": 0.02583697686592738,
        "std": 7.009452944315425e-05,
        "values": [
          0.025763229466974735,
          0.02581648458726704,
          0.02593121654354036
        ]
      },
      "mse": {
        "mean": 0.0011639240304551397,
        "std": 2.136878795060352e-06,
        "values": [
          0.0011619652213994414,
          0.0011668963416013867,
          0.0011629105283645913
        ]
      },
      "psnr": {
        "mean": 29.34816696525878,
        "std": 0.0077706249857471,
        "values": [
          29.355679654572203,
          29.33746486337455,
          29.351356377829596
        ]
      },
      "ssim": {
        "mean": 0.9836622277895609,
        "std": 1.8069049522441e-05,
        "values": [
          0.9836705699563026,
          0.9836371392011642,
          0.983678974211216
        ]
      }
    },
    "scale_1_5": {
      "masked_mse": {
        "mean": 0.018229110399261117,
        "std": 1.4884188441343708e-05,
        "values": [
          0.018247504718601704,
          0.018228775821626186,
          0.01821105065755546
        ]
      },
      "mse": {
        "mean": 0.0009319119708379731,
        "std": 1.2162779366135275e-06,
        "values": [
          0.000933596063987352,
          0.0009313730261055753,
          0.000930766822420992
        ]
      },
      "psnr": {
        "mean": 30.306723494694143,
        "std": 0.005846125434868867,
        "values": [
          30.298624110323566,
          30.309335913936145,
          30.31221045982273
        ]
      },
      "ssim": {
        "mean": 0.9855658710002899,
        "std": 1.8181408458066616e-05,
        "values": [
          0.9855412319302559,
          0.9855718240141869,
          0.985584557056427
        ]
      }
    },
    "scale_2": {
      "masked_mse": {
        "mean": 0.0155276672837014,
        "std": 3.6989157990666154e-06,
        "values": [
          0.01553246786352247,
          0.015527066658250988,
          0.015523467329330742
        ]
      },
      "mse": {
        "mean": 0.0007157628861023113,
        "std": 1.8150945331898903e-06,
        "values": [
          0.0007183249763329513,
          0.0007146183052100241,
          0.0007143453767639585
        ]
      },
      "psnr": {
        "mean": 31.45268089312974,
        "std": 0.010907179312460045,
        "values": [
          31.43728858645521,
          31.459506694665116,
          31.461247398268906
        ]
      },
      "ssim": {
        "mean": 0.9855362450083097,
        "std": 4.3660638076992216e-05,