{
  "action_sensitivity_mse": {
    "reverse": {
      "mean": 0.0011513069039210677,
      "std": 1.3325085866072927e-06,
      "values": [
        0.0011531758573255502,
        0.0011501635526656173,
        0.0011505813017720357
      ]
    },
    "scale_0_25": {
      "mean": 0.0013178504741517827,
      "std": 1.513088117513135e-06,
      "values": [
        0.001319538103416562,
        0.0013158673245925456,
        0.0013181459944462404
      ]
    },
    "scale_0_5": {
      "mean": 0.0012512159737525508,
      "std": 1.5327646540697056e-06,
      "values": [
        0.0012532832915894687,
        0.0012507468491094187,
        0.001249617780558765
      ]
    },
    "scale_0_75": {
      "mean": 0.001152418587783662,
      "std": 1.4741827610986339e-06,
      "values": [
        0.0011544177832547575,
        0.001151931079220958,
        0.0011509069008752704
      ]
    },
    "scale_1_5": {
      "mean": 0.0009336479852208868,
      "std": 4.847222220610112e-06,
      "values": [
        0.0009275699922000058,
        0.0009339416501461528,
        0.0009394323133165017
      ]
    },
    "scale_2": {
      "mean": 0.0038969660260287733,
      "std": 2.264986476548714e-05,
      "values": [
        0.0039288989719352685,
        0.0038788224483141676,
        0.0038831766578368843
      ]
    },
    "zero": {
      "mean": 0.0014245192675540845,
      "std": 9.058928378267943e-07,
      "values": [
        0.0014257663424359635,
        0.0014236416318453848,
        0.001424149828380905
      ]
    }
  },
  "checkpoint": "/root/autodl-tmp/acwm-reacher-checkpoint/VideoDiT_S_reacher_240x240/latest.pt",
  "environment": "reacher",
  "metrics": {
    "original": {
      "masked_mse": {
        "mean": 0.022939553794761498,
        "std": 3.6409368041000626e-05,
        "values": [
          0.022889207815751433,
          0.022974076913669705,
          0.022955376654863358
        ]
      },
      "mse": {
        "mean": 0.0013090005425813918,
        "std": 7.534401148523257e-07,
        "values": [
          0.001309214363573119,
          0.001307989630731754,
          0.0013097976334393024
        ]
      },
      "psnr": {
        "mean": 28.83099879077946,
        "std": 0.0024081031582265625,
        "values": [
          28.830289451953192,
          28.834238086694093,
          28.828468833691094
        ]
      },
      "ssim": {
        "mean": 0.9788936451077461,
        "std": 7.701827250083688e-06,
        "values": [
          0.9788832813501358,
          0.9789017289876938,
          0.9788959249854088
        ]
      }
    },
    "reverse": {
      "masked_mse": {
        "mean": 0.021160020182530086,
        "std": 8.523520438095447e-05,
        "values": [
          0.02107758354395628,
          0.021125076105818152,
          0.021277400897815824
        ]
      },
      "mse": {
        "mean": 0.0014495000844666113,
        "std": 4.2572185105958675e-06,
        "values": [
          0.0014446892746491358,
          0.001448770533897914,
          0.0014550404448527843
        ]
      },
      "psnr": {
        "mean": 28.402784922238084,
        "std": 0.014137345754163748,
        "values": [
          28.418557950414648,
          28.405538215669925,
          28.384258600629686
        ]
      },
      "ssim": {
        "mean": 0.9766759773095449,
        "std": 3.491526410574454e-05,
        "values": [
          0.9767154902219772,
          0.9766818657517433,
          0.9766305759549141
        ]
      }
    },
    "scale_0_25": {
      "masked_mse": {
        "mean": 0.03395912524623176,
        "std": 4.1766267598306937e-05,
        "values": [
          0.033995629753917456,
          0.03398108738474548,
          0.03390065860003233
        ]
      },
      "mse": {
        "mean": 0.0015584519715048373,
        "std": 1.504373046021909e-06,
        "values": [
          0.0015573523560306057,
          0.0015574244898743927,
          0.0015605790686095133
        ]
      },
      "psnr": {
        "mean": 28.131120082513807,
        "std": 0.00569910005680857,
        "values": [
          28.135484666797325,
          28.13480570441456,
          28.123069876329534
        ]
      },
      "ssim": {
        "mean": 0.9755091965198517,
        "std": 2.1822175254224492e-05,
        "values": [
          0.9755188152194023,
          0.975529782474041,
          0.9754789918661118
        ]
      }
    },
    "scale_0_5": {
      "masked_mse": {
        "mean": 0.03154565036917726,
        "std": 3.551822778738839e-05,
        "values": [
          0.03150091879069805,
          0.03154822648502886,
          0.03158780583180487
        ]
      },
      "mse": {
        "mean": 0.0015054741719116767,
        "std": 5.147881143909625e-07,
        "values": [
          0.0015052556118462235,
          0.0015061848534969613,
          0.0015049820503918454
        ]
      },
      "psnr": {
        "mean": 28.285467211168594,
        "std": 0.0014133035389177159,
        "values": [
          28.28645406288735,
          28.283468550077245,
          28.286479020541186
        ]
      },
      "ssim": {
        "mean": 0.9765249962608019,
        "std": 1.1716252712401543e-05,
        "values": [
          0.976511724293232,
          0.9765230417251587,
          0.9765402227640152
        ]
      }
    },
    "scale_0_75": {
      "masked_mse": {
        "mean": 0.02647071339500447,
        "std": 5.588148250407191e-05,
        "values": [
          0.026407038560137153,
          0.026543087791651487,
          0.026462013833224773
        ]
      },
      "mse": {
        "mean": 0.0013328150380402803,
        "std": 1.2552742487790457e-06,
        "values": [
          0.0013331018708413467,
          0.0013341888115974143,
          0.00133115443168208
        ]
      },
      "psnr": {
        "mean": 28.75553508642209,
        "std": 0.0040355034078379684,
        "values": [
          28.753974025668995,
          28.75156164491969,
          28.761069588677593
        ]
      },
      "ssim": {
        "mean": 0.9784815236926079,
        "std": 1.1003294296283836e-05,
        "values": [
          0.9784740582108498,
          0.9784734323620796,
          0.9784970805048943
        ]
      }
    },
    "scale_1_5": {
      "masked_mse": {
        "mean": 0.02150703058578074,
        "std": 4.040203738143083e-05,
        "values": [
          0.021449916763231158,
          0.021534174913540483,
          0.02153700008057058
        ]
      },
      "mse": {
        "mean": 0.0012552249245345592,
        "std": 5.62593802164962e-06,
        "values": [
          0.001247541920747608,
          0.0012572760751936585,
          0.0012608567776624113
        ]
      },
      "psnr": {
        "mean": 29.03746731020493,
        "std": 0.023074160333036397,
        "values": [
          29.06869734421207,
          29.0300461350687,
          29.01365845133403
        ]
      },
      "ssim": {
        "mean": 0.9790348236759504,
        "std": 3.0404464024834272e-05,
        "values": [
          0.9790732488036156,
          0.9789988994598389,
          0.9790323227643967
        ]
      }
    },
    "scale_2": {
      "masked_mse": {
        "mean": 0.021738466108217835,
        "std": 6.82736925160655e-06,
        "values": [
          0.02174638886936009,
          0.021729725413024426,
          0.02173928404226899
        ]
      },
      "mse": {
        "mean": 0.0041389840965469675,
        "std": 2.1473976430740956e-05,
        "values": [
          0.004169215113506652,
          0.004121366248000413,
          0.004126370928133838
        ]
      },
      "psnr": {
        "mean": 26.237556610124216,
        "std": 0.012074178577341483,
        "values": [
          26.220587621936627,
          26.244392237215088,
          26.24768997122094
        ]
      },
      "ssim": {
        "mean": 0.9564567804336548,
        "std": 8.545568216313196e-05,